Applicant_ID,Age,Income,Credit_Score,Loan_Amount,Loan_Term_Months,Risk_Status,Employment_Status_Employed,Employment_Status_Self-Employed,Employment_Status_Unemployed
1001,58,117196.0,528,14144.0,12,High,0,0,1
1002,52,75302.0,395,19328.0,24,Low,0,0,1
1003,53,105181.0,729,19446.0,48,Low,0,0,1
1004,18,40926.0,648,23210.0,24,High,1,0,0
1005,39,69797.0,652,44565.0,36,High,1,0,0
1006,52,140887.0,600,46198.0,60,Low,0,1,0
1007,63,106673.0,596,10229.0,24,Low,1,0,0
1008,47,67819.0,663,18730.0,36,High,0,0,1
1009,59,103227.0,550,15708.0,48,Low,0,1,0
1010,58,48785.0,357,20010.0,12,Low,0,1,0
1011,22,143589.0,622,18934.0,48,High,0,1,0
1012,59,54718.0,569,43311.0,48,Low,0,0,1
1013,32,38131.0,393,8087.0,12,Low,1,0,0
1014,61,28326.0,779,39676.0,36,High,0,0,1
1015,18,35014.0,849,22486.0,36,Low,1,0,0
1016,28,145018.0,569,37806.0,24,High,0,0,1
1017,58,103748.0,503,15016.0,36,Low,1,0,0
1018,51,98504.0,319,12331.0,36,Low,0,1,0
1019,33,144118.0,797,9535.0,60,Low,1,0,0
1020,48,41643.0,733,18880.0,60,Low,0,0,1
1021,63,108039.0,748,38919.0,48,Low,1,0,0
1022,22,97110.0,525,5471.0,12,Low,0,0,1
1023,32,24117.0,372,38695.0,24,Low,0,1,0
1024,31,114811.0,784,20925.0,48,Low,0,1,0
1025,24,66438.0,778,8550.0,12,Low,1,0,0
1026,39,34322.0,494,40146.0,48,Low,1,0,0
1027,35,134620.0,753,41066.0,12,Low,1,0,0
1028,52,147008.0,542,15899.0,48,Low,0,1,0
1029,43,41579.0,699,22380.0,48,Low,0,1,0
1030,64,92845.0,798,15144.0,24,Low,0,1,0
1031,21,91066.0,621,8746.0,12,Low,0,0,1
1032,51,145931.0,490,9490.0,60,Low,1,0,0
1033,33,143416.0,552,42940.0,60,Low,1,0,0
1034,44,94085.0,567,18386.0,36,Low,1,0,0
1035,26,59321.0,374,5610.0,48,High,0,0,1
1036,24,47938.0,435,27872.0,12,Low,1,0,0
1037,28,91200.0,841,5512.0,60,High,0,1,0
1038,24,37601.0,409,41256.0,24,Low,0,1,0
1039,31,46685.0,570,38122.0,48,High,0,1,0
1040,21,75518.0,345,5232.0,36,Low,1,0,0
1041,34,77912.0,737,41759.0,12,Low,1,0,0
1042,62,91511.0,678,43175.0,60,Low,1,0,0
1043,20,137831.0,340,28449.0,24,Low,0,0,1
1044,24,93385.0,716,45675.0,24,High,1,0,0
1045,29,23248.0,640,31982.0,24,Low,0,1,0
1046,62,134316.0,781,19577.0,24,Low,0,1,0
1047,32,106511.0,636,23258.0,12,Low,0,1,0
1048,50,148601.0,639,6808.0,12,Low,0,1,0
1049,34,92845.0,653,25557.0,48,High,0,0,1
1050,25,95574.0,345,33577.0,12,High,0,0,1
1051,52,143242.0,501,28869.0,48,High,1,0,0
1052,39,106951.0,607,38234.0,36,Low,0,0,1
1053,43,92667.0,730,48576.0,48,High,0,0,1
1054,29,59446.0,300,24914.0,36,Low,1,0,0
1055,55,62237.0,752,49277.0,24,Low,0,0,1
1056,65,31114.0,643,11120.0,24,Low,0,0,1
1057,30,26057.0,786,45060.0,12,Low,0,1,0
1058,58,114155.0,806,31191.0,24,Low,1,0,0
1059,18,132779.0,409,32862.0,24,High,1,0,0
1060,62,26582.0,424,34914.0,24,Low,0,1,0
1061,53,144523.0,753,45150.0,60,High,0,1,0
1062,53,40861.0,786,34495.0,36,High,1,0,0
1063,35,88327.0,544,22996.0,48,High,1,0,0
1064,33,61904.0,382,14068.0,24,Low,1,0,0
1065,27,28418.0,638,40560.0,48,Low,0,1,0
1066,44,120898.0,320,42728.0,48,Low,0,1,0
1067,40,71116.0,729,40272.0,60,High,0,0,1
1068,49,77125.0,698,27028.0,48,Low,0,0,1
1069,47,148545.0,327,30822.0,60,Low,0,0,1
1070,23,37786.0,486,8295.0,36,Low,0,1,0
1071,47,119775.0,584,32627.0,36,Low,1,0,0
1072,65,144770.0,370,47713.0,12,High,1,0,0
1073,30,101439.0,429,36035.0,12,High,0,0,1
1074,47,120518.0,417,15732.0,36,Low,1,0,0
1075,37,139016.0,706,17997.0,12,Low,0,0,1
1076,58,111382.0,423,42088.0,12,Low,0,1,0
1077,60,86317.0,312,32528.0,48,Low,1,0,0
1078,41,128620.0,456,33540.0,24,Low,0,0,1
1079,59,125932.0,795,35465.0,48,Low,0,0,1
1080,38,128885.0,585,34543.0,24,Low,0,1,0
1081,60,23761.0,632,16917.0,48,Low,1,0,0
1082,34,135385.0,582,41424.0,12,High,0,0,1
1083,23,73271.0,546,36201.0,48,High,0,1,0
1084,23,73005.0,613,48513.0,60,Low,0,1,0
1085,51,117771.0,660,34736.0,36,Low,0,1,0
1086,25,61359.0,848,17133.0,24,High,1,0,0
1087,35,148005.0,589,11588.0,24,Low,0,1,0
1088,29,112801.0,580,7982.0,12,Low,0,0,1
1089,26,118669.0,312,42621.0,36,Low,0,1,0
1090,39,26734.0,789,12476.0,12,Low,0,1,0
1091,54,27026.0,611,10582.0,24,Low,1,0,0
1092,44,123643.0,835,29928.0,48,Low,0,1,0
1093,55,60026.0,361,44952.0,12,Low,1,0,0
1094,34,40585.0,376,15258.0,12,Low,0,1,0
1095,56,24278.0,589,34755.0,12,Low,0,0,1
1096,34,101927.0,502,32861.0,12,Low,0,0,1
1097,27,128348.0,361,15873.0,36,High,0,0,1
1098,54,77560.0,611,31378.0,36,Low,0,0,1
1099,46,25224.0,630,44564.0,36,Low,1,0,0
1100,61,95392.0,321,49058.0,36,Low,0,0,1
