Age,Income,Credit_Score,Loan_Amount,Loan_Term_Months,Employment_Status_Employed,Employment_Status_Self-Employed,Employment_Status_Unemployed
-0.5939927323726267,-0.6294930869474277,-1.2574215046864763,-1.072475112006206,-0.6052078565514133,1,0,0
-0.8798238216346427,-0.6911657243753174,-1.775945836515951,-0.24127713176460402,0.1396633515118646,1,0,0
0.6922471693064447,1.4787927979806832,-0.5744870188622901,-1.4233163763936347,1.6294057676384204,1,0,0
1.4782826647769884,1.1873657500860777,1.2656420123862118,-0.6502853947693458,-0.6052078565514133,0,1,0
-0.5939927323726267,1.4333035824978662,1.3668174917675726,-1.4198677401119757,1.6294057676384204,1,0,0
1.6211982094079964,0.14683444545954483,1.3731409592289077,-0.9900143866936516,-0.6052078565514133,0,1,0
-0.4510771877416188,0.0334752201140582,-0.23301977595019702,-0.3882656737250864,0.8845345595751425,1,0,0
-0.16524609847960292,-0.43145316537772294,0.44991470987398924,1.2647040142549162,0.1396633515118646,1,0,0
0.4064160800444288,0.8225236748871576,0.01991892250320529,0.34981912691172595,0.1396633515118646,1,0,0
1.0495360308839645,-1.5735511243199996,0.05153625980988058,0.5129013048532831,-1.3500790646146912,0,0,1
-1.1656549108966585,-0.6431674512265977,1.6893143322956605,-0.8375846630443295,-0.6052078565514133,1,0,0
-1.3800282278431704,1.4200306674452405,0.2602106860339375,-0.6995625754161603,0.8845345595751425,0,1,0
1.5497404370924923,0.4937869395005783,0.09580053203922598,-1.3666821050126146,-0.6052078565514133,1,0,0
-1.3085704555276665,-1.234627614809855,-0.5997808887076304,-1.5148968287621312,0.1396633515118646,0,1,0
-0.8083660493191387,-1.5289149884435895,1.297259349692887,1.3026390133531638,-1.3500790646146912,0,1,0
-0.2367038707951069,1.0510988282508988,0.026242389964540345,0.4966543961485791,-0.6052078565514133,0,1,0
-1.5229437724741783,1.2755591270425597,-1.5230071380625487,0.02963240725015371,-0.6052078565514133,0,0,1
-1.0941971385811546,-0.6943020464576959,-1.308009244377157,-1.7206654602344438,0.8845345595751425,0,0,1
0.9066204862529567,-1.5046022196609916,0.19065254395925185,-1.339629469292046,-0.6052078565514133,1,0,0
0.9780782585684606,-0.6211379249199714,1.082261456007495,1.625814551125507,-0.6052078565514133,0,0,1
-0.9512815939501467,0.10556044685544445,1.6450500600663152,-1.7281758236922786,1.6294057676384204,0,1,0
1.1924515755149725,0.7578150776835255,-0.33419525533155797,-1.066650748508293,-1.3500790646146912,0,0,1
1.4068248924614843,0.21074014421008808,-1.643153019827915,1.6090311878881005,0.1396633515118646,0,0,1
-0.5225349600571227,0.37470706267683335,-0.49860540932626946,0.36775203557635205,-1.3500790646146912,0,0,1
-0.4510771877416188,1.5308306539715064,0.05153625980988058,-1.2625332893065169,-0.6052078565514133,0,1,0
0.4064160800444288,-0.48108232600927947,0.5194728519486749,-0.7151963932263471,0.1396633515118646,0,0,1
-0.022330553848594992,1.0444498254362566,-0.7894849125476822,0.4197881252484936,-0.6052078565514133,0,0,1
-1.0941971385811546,0.7947734971022732,-1.7000642269799304,1.1157229268872533,0.1396633515118646,0,1,0
-0.8083660493191387,0.3624628612672279,-0.9602185340037287,0.6109958479760242,-1.3500790646146912,0,0,1
-0.7369082770036347,0.6979740523517447,1.284612414770217,-0.546979579043209,0.8845345595751425,0,1,0
-0.8798238216346427,-1.599394418278798,0.37403310033796855,0.3003886735412822,-0.6052078565514133,0,1,0
0.19204276309791693,0.17794676051673902,-0.08758002433949069,-0.7415593016905838,0.1396633515118646,1,0,0
-0.09378832616409896,-0.39835869476446556,0.9368217043967887,0.9357041129846603,1.6294057676384204,0,0,1
1.2639093478304764,-0.8097939708191999,-0.07493308941682057,1.1686020165393558,0.8845345595751425,0,0,1
1.3353671201459805,-0.016956838970587244,-1.7000642269799304,0.3422321270920764,0.8845345595751425,1,0,0
1.5497404370924923,0.5280606672168099,1.0569675861621548,0.8320151154494503,0.8845345595751425,1,0,0
-0.5225349600571227,-0.22784313578971407,0.9874094440874691,1.0496623830030323,-1.3500790646146912,1,0,0
-0.6654505046881307,-1.577590707162103,-1.320656179299827,0.8148485704029707,-0.6052078565514133,0,1,0
-0.5225349600571227,0.14683444545954483,0.4562381773353243,-0.19199995111778953,0.8845345595751425,0,0,1
-0.7369082770036347,-1.0113465731211684,-0.06860962195548552,0.770935935083181,0.8845345595751425,0,1,0
0.5493316246754367,-0.2475894196203688,0.7407942130954018,-0.07926786288845188,0.8845345595751425,0,0,1
0.7637049416219487,-0.2933295408697761,-1.1752164276891206,-0.6693678488611915,-0.6052078565514133,0,0,1
0.9780782585684606,-0.6766131899130815,-1.3902143213745126,1.2943622862771824,-1.3500790646146912,1,0,0
0.4064160800444288,1.5443795653673813,-1.6052122150599046,0.211490493836298,1.6294057676384204,0,0,1
-0.4510771877416188,1.1949932853904222,1.08858492346883,0.9965533842654857,-1.3500790646146912,1,0,0
1.1924515755149725,0.4203970027729226,-0.4922819418649344,-0.9998238410059257,0.1396633515118646,1,0,0
1.3353671201459805,-1.5865229524527167,0.32344536064728807,-0.8541381171962922,0.8845345595751425,1,0,0
0.19204276309791693,0.9195740254042764,1.6071092552983048,0.1429775863740085,0.8845345595751425,0,1,0
-1.2371126832121624,-0.9799080805674069,-0.9222777292357183,-0.01458677351689444,-1.3500790646146912,1,0,0
1.1924515755149725,-0.9586563621372105,-1.4155081912198528,-0.617101850103606,-1.3500790646146912,0,1,0
0.4778738523599328,-1.1378532606359855,0.9621155742421289,-0.7037009389541509,1.6294057676384204,0,0,1
1.2639093478304764,0.9770063553767905,1.3541705568449025,0.5673131217416786,0.8845345595751425,0,0,1
-1.2371126832121624,-0.5157324123753966,1.2466716100022066,-1.4953545564993977,-1.3500790646146912,1,0,0
-1.6658593171051863,-1.1558432041005082,0.42462084002864897,-0.37186549229675314,-0.6052078565514133,1,0,0
-0.8798238216346427,0.6475419932670993,-0.0053749473421349425,-1.538884010010114,-1.3500790646146912,0,0,1
-0.6654505046881307,-1.2259713658624904,-1.1878633626117907,-1.5308371920195767,-1.3500790646146912,1,0,0
-1.3085704555276665,-0.3442885020642611,-0.2203728410275269,0.6237174840372547,0.8845345595751425,0,1,0
-1.2371126832121624,0.1603833568554197,0.8546166273994329,1.3497703758691684,-0.6052078565514133,1,0,0
-0.16524609847960292,-1.3215413723567264,-0.5491931490169499,0.9260479313960155,0.8845345595751425,1,0,0
-1.0227393662656505,-1.4696761369516254,0.3613861654152984,0.957775385187277,0.8845345595751425,0,1,0
0.19204276309791693,0.8507003924752456,-1.64947648728925,1.1239230176014199,0.8845345595751425,0,1,0
0.7637049416219487,1.411324237344558,-0.5049288767876046,0.06181967921230314,0.8845345595751425,1,0,0
0.8351627139374527,1.4434652660447722,1.08858492346883,1.3095362859164816,1.6294057676384204,0,1,0
1.2639093478304764,0.4073248123335692,-0.19507897118218667,-0.9467914786301938,0.8845345595751425,0,1,0
1.6926559817235003,-1.402031942278887,0.3930035027219737,-1.298399106635769,-0.6052078565514133,0,0,1
0.6207893969909407,1.5457846376602868,0.36770963287663344,-1.6288550987805033,-1.3500790646146912,0,1,0
1.1924515755149725,0.6119384649879391,-0.998159338771739,1.0748757460400493,-1.3500790646146912,0,1,0
1.4068248924614843,-1.471984470004256,1.2529950774635417,0.890028841343134,0.1396633515118646,0,0,1
-0.6654505046881307,0.4897222660818158,0.3487392304926283,-0.36818694692965037,-1.3500790646146912,0,1,0
0.3349583077289249,-1.5498154388005594,0.31079842572461797,1.2646273778931016,0.1396633515118646,1,0,0
-1.0227393662656505,1.0376251885850012,-1.3902143213745126,-0.9341464789307778,0.1396633515118646,0,0,1
-0.5939927323726267,1.4156899976832287,-0.18243203625951657,1.1401699263061238,1.6294057676384204,1,0,0
1.4782826647769884,0.11336361619640203,0.6143248638687007,1.1581794713325646,1.6294057676384204,1,0,0
-0.5225349600571227,1.2141875765345782,0.007271987580535173,1.0239892017951273,-1.3500790646146912,0,0,1
-0.9512815939501467,1.455885101490991,-0.07493308941682057,0.7467188447497543,-0.6052078565514133,0,0,1
0.6922471693064447,0.2888220187729819,-1.655799954750585,-1.205592472478238,0.1396633515118646,0,1,0
1.1924515755149725,0.6815146340634226,1.423728698919588,0.23976931134590074,-0.6052078565514133,1,0,0
-1.6658593171051863,-1.3041786933086794,1.6956377997569956,-0.4273502182505536,0.1396633515118646,1,0,0
-1.2371126832121624,-1.239269371491775,-1.0866878832304299,1.0111142930102675,-0.6052078565514133,0,1,0
-1.3085704555276665,-0.35096259545556246,0.20329947888192196,1.567264370699121,1.6294057676384204,0,1,0
